<?xml version="1.0" encoding="UTF-8"?>
<project-private xmlns="http://www.netbeans.org/ns/project-private/1">
    <editor-bookmarks xmlns="http://www.netbeans.org/ns/editor-bookmarks/2" lastBookmarkId="0"/>
    <open-files xmlns="http://www.netbeans.org/ns/projectui-open-files/2">
        <group>
            <file>file:/C:/Users/shubh/OneDrive/Desktop/Insurance%20Management/Insurance%20Management/src/safe/guards/returnInsurancebike.java</file>
            <file>file:/C:/Users/shubh/OneDrive/Desktop/Insurance%20Management/Insurance%20Management/src/returnInsuranceCar.java</file>
            <file>file:/C:/Users/shubh/OneDrive/Desktop/Insurance%20Management/Insurance%20Management/src/mobilePolicy.java</file>
            <file>file:/C:/Users/shubh/OneDrive/Desktop/Insurance%20Management/Insurance%20Management/src/Project/ConnectionProvider.java</file>
            <file>file:/C:/Users/shubh/OneDrive/Desktop/Insurance%20Management/Insurance%20Management/src/safe/guards/returnbike.java</file>
            <file>file:/C:/Users/shubh/OneDrive/Desktop/Insurance%20Management/Insurance%20Management/src/safe/guards/login.java</file>
            <file>file:/C:/Users/shubh/OneDrive/Desktop/Insurance%20Management/Insurance%20Management/src/safe/guards/mobilePolicy.java</file>
            <file>file:/C:/Users/shubh/OneDrive/Desktop/Insurance%20Management/Insurance%20Management/src/safe/guards/home.java</file>
            <file>file:/C:/Users/shubh/OneDrive/Desktop/Insurance%20Management/Insurance%20Management/src/safe/guards/NewCustomer.java</file>
            <file>file:/C:/Users/shubh/OneDrive/Desktop/Insurance%20Management/Insurance%20Management/src/carpolicy.java</file>
            <file>file:/C:/Users/shubh/OneDrive/Desktop/Insurance%20Management/Insurance%20Management/src/safe/guards/carpolicy.java</file>
            <file>file:/C:/Users/shubh/OneDrive/Desktop/Insurance%20Management/Insurance%20Management/src/returnmobile.java</file>
            <file>file:/C:/Users/shubh/OneDrive/Desktop/Insurance%20Management/Insurance%20Management/src/safe/guards/issueInsurance.java</file>
            <file>file:/C:/Users/shubh/OneDrive/Desktop/Insurance%20Management/Insurance%20Management/src/safe/guards/Payment.java</file>
            <file>file:/C:/Users/shubh/OneDrive/Desktop/Insurance%20Management/Insurance%20Management/src/safe/guards/healthPolicy.java</file>
            <file>file:/C:/Users/shubh/OneDrive/Desktop/Insurance%20Management/Insurance%20Management/src/safe/guards/returnmobile.java</file>
            <file>file:/C:/Users/shubh/OneDrive/Desktop/Insurance%20Management/Insurance%20Management/src/safe/guards/bikePolicy.java</file>
            <file>file:/C:/Users/shubh/OneDrive/Desktop/Insurance%20Management/Insurance%20Management/src/safe/guards/returnInsuranceCar.java</file>
            <file>file:/C:/Users/shubh/OneDrive/Desktop/Insurance%20Management/Insurance%20Management/src/safe/guards/carstatistics.java</file>
        </group>
    </open-files>
</project-private>
